conversation_id,item_id,task,annotator_1_label,annotator_2_label,final_label,basis,final_source_message_ids,decision_note
A001,A001-R01,evaluator_verdict,,,,,,
A001,A001-R02,evaluator_verdict,,,,,,
A001,A001-R03,evaluator_verdict,,,,,,
A001,A001-R04,evaluator_verdict,,,,,,
A001,A001-R01,failure_dimension,,,,,,
A001,A001-R02,failure_dimension,,,,,,
A001,A001-R03,failure_dimension,,,,,,
A001,A001-R04,failure_dimension,,,,,,
A001,A001-G01,memory_inclusion,,,,,,
A001,A001-G02,memory_inclusion,,,,,,
A001,A001-G03,memory_inclusion,,,,,,
A001,A001-P01,relationship_type,,,,,,
A001,A001-P02,relationship_type,,,,,,
A001,A001-T01,test_validity,,,,,,
A001,A001-T02,test_validity,,,,,,
A001,A001-T03,test_validity,,,,,,
A002,A002-R01,evaluator_verdict,,,,,,
A002,A002-R02,evaluator_verdict,,,,,,
A002,A002-R03,evaluator_verdict,,,,,,
A002,A002-R04,evaluator_verdict,,,,,,
A002,A002-R01,failure_dimension,,,,,,
A002,A002-R02,failure_dimension,,,,,,
A002,A002-R03,failure_dimension,,,,,,
A002,A002-R04,failure_dimension,,,,,,
A002,A002-G01,memory_inclusion,,,,,,
A002,A002-G02,memory_inclusion,,,,,,
A002,A002-G03,memory_inclusion,,,,,,
A002,A002-P01,relationship_type,,,,,,
A002,A002-P02,relationship_type,,,,,,
A002,A002-T01,test_validity,,,,,,
A002,A002-T02,test_validity,,,,,,
A002,A002-T03,test_validity,,,,,,
A003,A003-R01,evaluator_verdict,,,,,,
A003,A003-R02,evaluator_verdict,,,,,,
A003,A003-R03,evaluator_verdict,,,,,,
A003,A003-R04,evaluator_verdict,,,,,,
A003,A003-R01,failure_dimension,,,,,,
A003,A003-R02,failure_dimension,,,,,,
A003,A003-R03,failure_dimension,,,,,,
A003,A003-R04,failure_dimension,,,,,,
A003,A003-G01,memory_inclusion,,,,,,
A003,A003-G02,memory_inclusion,,,,,,
A003,A003-G03,memory_inclusion,,,,,,
A003,A003-P01,relationship_type,,,,,,
A003,A003-P02,relationship_type,,,,,,
A003,A003-T01,test_validity,,,,,,
A003,A003-T02,test_validity,,,,,,
A003,A003-T03,test_validity,,,,,,
A006,A006-R01,evaluator_verdict,,,,,,
A006,A006-R02,evaluator_verdict,,,,,,
A006,A006-R03,evaluator_verdict,,,,,,
A006,A006-R04,evaluator_verdict,,,,,,
A006,A006-R01,failure_dimension,,,,,,
A006,A006-R02,failure_dimension,,,,,,
A006,A006-R03,failure_dimension,,,,,,
A006,A006-R04,failure_dimension,,,,,,
A006,A006-G01,memory_inclusion,,,,,,
A006,A006-G02,memory_inclusion,,,,,,
A006,A006-G03,memory_inclusion,,,,,,
A006,A006-G04,memory_inclusion,,,,,,
A006,A006-P01,relationship_type,,,,,,
A006,A006-P02,relationship_type,,,,,,
A006,A006-T01,test_validity,,,,,,
A006,A006-T02,test_validity,,,,,,
A006,A006-T03,test_validity,,,,,,
A007,A007-R01,evaluator_verdict,,,,,,
A007,A007-R02,evaluator_verdict,,,,,,
A007,A007-R03,evaluator_verdict,,,,,,
A007,A007-R04,evaluator_verdict,,,,,,
A007,A007-R01,failure_dimension,,,,,,
A007,A007-R02,failure_dimension,,,,,,
A007,A007-R03,failure_dimension,,,,,,
A007,A007-R04,failure_dimension,,,,,,
A007,A007-G01,memory_inclusion,,,,,,
A007,A007-G02,memory_inclusion,,,,,,
A007,A007-G03,memory_inclusion,,,,,,
A007,A007-G04,memory_inclusion,,,,,,
A007,A007-P01,relationship_type,,,,,,
A007,A007-P02,relationship_type,,,,,,
A007,A007-T01,test_validity,,,,,,
A007,A007-T02,test_validity,,,,,,
A007,A007-T03,test_validity,,,,,,
A008,A008-R01,evaluator_verdict,,,,,,
A008,A008-R02,evaluator_verdict,,,,,,
A008,A008-R03,evaluator_verdict,,,,,,
A008,A008-R04,evaluator_verdict,,,,,,
A008,A008-R01,failure_dimension,,,,,,
A008,A008-R02,failure_dimension,,,,,,
A008,A008-R03,failure_dimension,,,,,,
A008,A008-R04,failure_dimension,,,,,,
A008,A008-G01,memory_inclusion,,,,,,
A008,A008-G02,memory_inclusion,,,,,,
A008,A008-G03,memory_inclusion,,,,,,
A008,A008-G04,memory_inclusion,,,,,,
A008,A008-P01,relationship_type,,,,,,
A008,A008-P02,relationship_type,,,,,,
A008,A008-T01,test_validity,,,,,,
A008,A008-T02,test_validity,,,,,,
A008,A008-T03,test_validity,,,,,,
A011,A011-R01,evaluator_verdict,,,,,,
A011,A011-R02,evaluator_verdict,,,,,,
A011,A011-R03,evaluator_verdict,,,,,,
A011,A011-R04,evaluator_verdict,,,,,,
A011,A011-R01,failure_dimension,,,,,,
A011,A011-R02,failure_dimension,,,,,,
A011,A011-R03,failure_dimension,,,,,,
A011,A011-R04,failure_dimension,,,,,,
A011,A011-G01,memory_inclusion,,,,,,
A011,A011-G02,memory_inclusion,,,,,,
A011,A011-G03,memory_inclusion,,,,,,
A011,A011-P01,relationship_type,,,,,,
A011,A011-P02,relationship_type,,,,,,
A011,A011-T01,test_validity,,,,,,
A011,A011-T02,test_validity,,,,,,
A011,A011-T03,test_validity,,,,,,
A012,A012-R01,evaluator_verdict,,,,,,
A012,A012-R02,evaluator_verdict,,,,,,
A012,A012-R03,evaluator_verdict,,,,,,
A012,A012-R04,evaluator_verdict,,,,,,
A012,A012-R01,failure_dimension,,,,,,
A012,A012-R02,failure_dimension,,,,,,
A012,A012-R03,failure_dimension,,,,,,
A012,A012-R04,failure_dimension,,,,,,
A012,A012-G01,memory_inclusion,,,,,,
A012,A012-G02,memory_inclusion,,,,,,
A012,A012-G03,memory_inclusion,,,,,,
A012,A012-P01,relationship_type,,,,,,
A012,A012-P02,relationship_type,,,,,,
A012,A012-T01,test_validity,,,,,,
A012,A012-T02,test_validity,,,,,,
A012,A012-T03,test_validity,,,,,,
A013,A013-R01,evaluator_verdict,,,,,,
A013,A013-R02,evaluator_verdict,,,,,,
A013,A013-R03,evaluator_verdict,,,,,,
A013,A013-R04,evaluator_verdict,,,,,,
A013,A013-R01,failure_dimension,,,,,,
A013,A013-R02,failure_dimension,,,,,,
A013,A013-R03,failure_dimension,,,,,,
A013,A013-R04,failure_dimension,,,,,,
A013,A013-G01,memory_inclusion,,,,,,
A013,A013-G02,memory_inclusion,,,,,,
A013,A013-G03,memory_inclusion,,,,,,
A013,A013-P01,relationship_type,,,,,,
A013,A013-P02,relationship_type,,,,,,
A013,A013-T01,test_validity,,,,,,
A013,A013-T02,test_validity,,,,,,
A013,A013-T03,test_validity,,,,,,
A016,A016-R01,evaluator_verdict,,,,,,
A016,A016-R02,evaluator_verdict,,,,,,
A016,A016-R03,evaluator_verdict,,,,,,
A016,A016-R04,evaluator_verdict,,,,,,
A016,A016-R01,failure_dimension,,,,,,
A016,A016-R02,failure_dimension,,,,,,
A016,A016-R03,failure_dimension,,,,,,
A016,A016-R04,failure_dimension,,,,,,
A016,A016-G01,memory_inclusion,,,,,,
A016,A016-G02,memory_inclusion,,,,,,
A016,A016-G03,memory_inclusion,,,,,,
A016,A016-P01,relationship_type,,,,,,
A016,A016-P02,relationship_type,,,,,,
A016,A016-T01,test_validity,,,,,,
A016,A016-T02,test_validity,,,,,,
A016,A016-T03,test_validity,,,,,,
A017,A017-R01,evaluator_verdict,,,,,,
A017,A017-R02,evaluator_verdict,,,,,,
A017,A017-R03,evaluator_verdict,,,,,,
A017,A017-R04,evaluator_verdict,,,,,,
A017,A017-R01,failure_dimension,,,,,,
A017,A017-R02,failure_dimension,,,,,,
A017,A017-R03,failure_dimension,,,,,,
A017,A017-R04,failure_dimension,,,,,,
A017,A017-G01,memory_inclusion,,,,,,
A017,A017-G02,memory_inclusion,,,,,,
A017,A017-G03,memory_inclusion,,,,,,
A017,A017-P01,relationship_type,,,,,,
A017,A017-P02,relationship_type,,,,,,
A017,A017-T01,test_validity,,,,,,
A017,A017-T02,test_validity,,,,,,
A017,A017-T03,test_validity,,,,,,
A018,A018-R01,evaluator_verdict,,,,,,
A018,A018-R02,evaluator_verdict,,,,,,
A018,A018-R03,evaluator_verdict,,,,,,
A018,A018-R04,evaluator_verdict,,,,,,
A018,A018-R01,failure_dimension,,,,,,
A018,A018-R02,failure_dimension,,,,,,
A018,A018-R03,failure_dimension,,,,,,
A018,A018-R04,failure_dimension,,,,,,
A018,A018-G01,memory_inclusion,,,,,,
A018,A018-G02,memory_inclusion,,,,,,
A018,A018-G03,memory_inclusion,,,,,,
A018,A018-P01,relationship_type,,,,,,
A018,A018-P02,relationship_type,,,,,,
A018,A018-T01,test_validity,,,,,,
A018,A018-T02,test_validity,,,,,,
A018,A018-T03,test_validity,,,,,,
