conversation_id,item_id,task,allowed_labels,label,source_message_ids,note
A001,A001-R01,evaluator_verdict,pass|fail,,,
A001,A001-R02,evaluator_verdict,pass|fail,,,
A001,A001-R03,evaluator_verdict,pass|fail,,,
A001,A001-R04,evaluator_verdict,pass|fail,,,
A001,A001-R01,failure_dimension,none|accuracy|freshness|conflict_resolution|appropriate_use,,,
A001,A001-R02,failure_dimension,none|accuracy|freshness|conflict_resolution|appropriate_use,,,
A001,A001-R03,failure_dimension,none|accuracy|freshness|conflict_resolution|appropriate_use,,,
A001,A001-R04,failure_dimension,none|accuracy|freshness|conflict_resolution|appropriate_use,,,
A001,A001-G01,memory_inclusion,include|exclude,,,
A001,A001-G02,memory_inclusion,include|exclude,,,
A001,A001-G03,memory_inclusion,include|exclude,,,
A001,A001-P01,relationship_type,none|UPDATE|CONFLICT|CONTEXTUAL_OVERRIDE,,,
A001,A001-P02,relationship_type,none|UPDATE|CONFLICT|CONTEXTUAL_OVERRIDE,,,
A001,A001-T01,test_validity,accept|reject,,,
A001,A001-T02,test_validity,accept|reject,,,
A001,A001-T03,test_validity,accept|reject,,,
A002,A002-R01,evaluator_verdict,pass|fail,,,
A002,A002-R02,evaluator_verdict,pass|fail,,,
A002,A002-R03,evaluator_verdict,pass|fail,,,
A002,A002-R04,evaluator_verdict,pass|fail,,,
A002,A002-R01,failure_dimension,none|accuracy|freshness|conflict_resolution|appropriate_use,,,
A002,A002-R02,failure_dimension,none|accuracy|freshness|conflict_resolution|appropriate_use,,,
A002,A002-R03,failure_dimension,none|accuracy|freshness|conflict_resolution|appropriate_use,,,
A002,A002-R04,failure_dimension,none|accuracy|freshness|conflict_resolution|appropriate_use,,,
A002,A002-G01,memory_inclusion,include|exclude,,,
A002,A002-G02,memory_inclusion,include|exclude,,,
A002,A002-G03,memory_inclusion,include|exclude,,,
A002,A002-P01,relationship_type,none|UPDATE|CONFLICT|CONTEXTUAL_OVERRIDE,,,
A002,A002-P02,relationship_type,none|UPDATE|CONFLICT|CONTEXTUAL_OVERRIDE,,,
A002,A002-T01,test_validity,accept|reject,,,
A002,A002-T02,test_validity,accept|reject,,,
A002,A002-T03,test_validity,accept|reject,,,
A003,A003-R01,evaluator_verdict,pass|fail,,,
A003,A003-R02,evaluator_verdict,pass|fail,,,
A003,A003-R03,evaluator_verdict,pass|fail,,,
A003,A003-R04,evaluator_verdict,pass|fail,,,
A003,A003-R01,failure_dimension,none|accuracy|freshness|conflict_resolution|appropriate_use,,,
A003,A003-R02,failure_dimension,none|accuracy|freshness|conflict_resolution|appropriate_use,,,
A003,A003-R03,failure_dimension,none|accuracy|freshness|conflict_resolution|appropriate_use,,,
A003,A003-R04,failure_dimension,none|accuracy|freshness|conflict_resolution|appropriate_use,,,
A003,A003-G01,memory_inclusion,include|exclude,,,
A003,A003-G02,memory_inclusion,include|exclude,,,
A003,A003-G03,memory_inclusion,include|exclude,,,
A003,A003-P01,relationship_type,none|UPDATE|CONFLICT|CONTEXTUAL_OVERRIDE,,,
A003,A003-P02,relationship_type,none|UPDATE|CONFLICT|CONTEXTUAL_OVERRIDE,,,
A003,A003-T01,test_validity,accept|reject,,,
A003,A003-T02,test_validity,accept|reject,,,
A003,A003-T03,test_validity,accept|reject,,,
A006,A006-R01,evaluator_verdict,pass|fail,,,
A006,A006-R02,evaluator_verdict,pass|fail,,,
A006,A006-R03,evaluator_verdict,pass|fail,,,
A006,A006-R04,evaluator_verdict,pass|fail,,,
A006,A006-R01,failure_dimension,none|accuracy|freshness|conflict_resolution|appropriate_use,,,
A006,A006-R02,failure_dimension,none|accuracy|freshness|conflict_resolution|appropriate_use,,,
A006,A006-R03,failure_dimension,none|accuracy|freshness|conflict_resolution|appropriate_use,,,
A006,A006-R04,failure_dimension,none|accuracy|freshness|conflict_resolution|appropriate_use,,,
A006,A006-G01,memory_inclusion,include|exclude,,,
A006,A006-G02,memory_inclusion,include|exclude,,,
A006,A006-G03,memory_inclusion,include|exclude,,,
A006,A006-G04,memory_inclusion,include|exclude,,,
A006,A006-P01,relationship_type,none|UPDATE|CONFLICT|CONTEXTUAL_OVERRIDE,,,
A006,A006-P02,relationship_type,none|UPDATE|CONFLICT|CONTEXTUAL_OVERRIDE,,,
A006,A006-T01,test_validity,accept|reject,,,
A006,A006-T02,test_validity,accept|reject,,,
A006,A006-T03,test_validity,accept|reject,,,
A007,A007-R01,evaluator_verdict,pass|fail,,,
A007,A007-R02,evaluator_verdict,pass|fail,,,
A007,A007-R03,evaluator_verdict,pass|fail,,,
A007,A007-R04,evaluator_verdict,pass|fail,,,
A007,A007-R01,failure_dimension,none|accuracy|freshness|conflict_resolution|appropriate_use,,,
A007,A007-R02,failure_dimension,none|accuracy|freshness|conflict_resolution|appropriate_use,,,
A007,A007-R03,failure_dimension,none|accuracy|freshness|conflict_resolution|appropriate_use,,,
A007,A007-R04,failure_dimension,none|accuracy|freshness|conflict_resolution|appropriate_use,,,
A007,A007-G01,memory_inclusion,include|exclude,,,
A007,A007-G02,memory_inclusion,include|exclude,,,
A007,A007-G03,memory_inclusion,include|exclude,,,
A007,A007-G04,memory_inclusion,include|exclude,,,
A007,A007-P01,relationship_type,none|UPDATE|CONFLICT|CONTEXTUAL_OVERRIDE,,,
A007,A007-P02,relationship_type,none|UPDATE|CONFLICT|CONTEXTUAL_OVERRIDE,,,
A007,A007-T01,test_validity,accept|reject,,,
A007,A007-T02,test_validity,accept|reject,,,
A007,A007-T03,test_validity,accept|reject,,,
A008,A008-R01,evaluator_verdict,pass|fail,,,
A008,A008-R02,evaluator_verdict,pass|fail,,,
A008,A008-R03,evaluator_verdict,pass|fail,,,
A008,A008-R04,evaluator_verdict,pass|fail,,,
A008,A008-R01,failure_dimension,none|accuracy|freshness|conflict_resolution|appropriate_use,,,
A008,A008-R02,failure_dimension,none|accuracy|freshness|conflict_resolution|appropriate_use,,,
A008,A008-R03,failure_dimension,none|accuracy|freshness|conflict_resolution|appropriate_use,,,
A008,A008-R04,failure_dimension,none|accuracy|freshness|conflict_resolution|appropriate_use,,,
A008,A008-G01,memory_inclusion,include|exclude,,,
A008,A008-G02,memory_inclusion,include|exclude,,,
A008,A008-G03,memory_inclusion,include|exclude,,,
A008,A008-G04,memory_inclusion,include|exclude,,,
A008,A008-P01,relationship_type,none|UPDATE|CONFLICT|CONTEXTUAL_OVERRIDE,,,
A008,A008-P02,relationship_type,none|UPDATE|CONFLICT|CONTEXTUAL_OVERRIDE,,,
A008,A008-T01,test_validity,accept|reject,,,
A008,A008-T02,test_validity,accept|reject,,,
A008,A008-T03,test_validity,accept|reject,,,
A011,A011-R01,evaluator_verdict,pass|fail,,,
A011,A011-R02,evaluator_verdict,pass|fail,,,
A011,A011-R03,evaluator_verdict,pass|fail,,,
A011,A011-R04,evaluator_verdict,pass|fail,,,
A011,A011-R01,failure_dimension,none|accuracy|freshness|conflict_resolution|appropriate_use,,,
A011,A011-R02,failure_dimension,none|accuracy|freshness|conflict_resolution|appropriate_use,,,
A011,A011-R03,failure_dimension,none|accuracy|freshness|conflict_resolution|appropriate_use,,,
A011,A011-R04,failure_dimension,none|accuracy|freshness|conflict_resolution|appropriate_use,,,
A011,A011-G01,memory_inclusion,include|exclude,,,
A011,A011-G02,memory_inclusion,include|exclude,,,
A011,A011-G03,memory_inclusion,include|exclude,,,
A011,A011-P01,relationship_type,none|UPDATE|CONFLICT|CONTEXTUAL_OVERRIDE,,,
A011,A011-P02,relationship_type,none|UPDATE|CONFLICT|CONTEXTUAL_OVERRIDE,,,
A011,A011-T01,test_validity,accept|reject,,,
A011,A011-T02,test_validity,accept|reject,,,
A011,A011-T03,test_validity,accept|reject,,,
A012,A012-R01,evaluator_verdict,pass|fail,,,
A012,A012-R02,evaluator_verdict,pass|fail,,,
A012,A012-R03,evaluator_verdict,pass|fail,,,
A012,A012-R04,evaluator_verdict,pass|fail,,,
A012,A012-R01,failure_dimension,none|accuracy|freshness|conflict_resolution|appropriate_use,,,
A012,A012-R02,failure_dimension,none|accuracy|freshness|conflict_resolution|appropriate_use,,,
A012,A012-R03,failure_dimension,none|accuracy|freshness|conflict_resolution|appropriate_use,,,
A012,A012-R04,failure_dimension,none|accuracy|freshness|conflict_resolution|appropriate_use,,,
A012,A012-G01,memory_inclusion,include|exclude,,,
A012,A012-G02,memory_inclusion,include|exclude,,,
A012,A012-G03,memory_inclusion,include|exclude,,,
A012,A012-P01,relationship_type,none|UPDATE|CONFLICT|CONTEXTUAL_OVERRIDE,,,
A012,A012-P02,relationship_type,none|UPDATE|CONFLICT|CONTEXTUAL_OVERRIDE,,,
A012,A012-T01,test_validity,accept|reject,,,
A012,A012-T02,test_validity,accept|reject,,,
A012,A012-T03,test_validity,accept|reject,,,
A013,A013-R01,evaluator_verdict,pass|fail,,,
A013,A013-R02,evaluator_verdict,pass|fail,,,
A013,A013-R03,evaluator_verdict,pass|fail,,,
A013,A013-R04,evaluator_verdict,pass|fail,,,
A013,A013-R01,failure_dimension,none|accuracy|freshness|conflict_resolution|appropriate_use,,,
A013,A013-R02,failure_dimension,none|accuracy|freshness|conflict_resolution|appropriate_use,,,
A013,A013-R03,failure_dimension,none|accuracy|freshness|conflict_resolution|appropriate_use,,,
A013,A013-R04,failure_dimension,none|accuracy|freshness|conflict_resolution|appropriate_use,,,
A013,A013-G01,memory_inclusion,include|exclude,,,
A013,A013-G02,memory_inclusion,include|exclude,,,
A013,A013-G03,memory_inclusion,include|exclude,,,
A013,A013-P01,relationship_type,none|UPDATE|CONFLICT|CONTEXTUAL_OVERRIDE,,,
A013,A013-P02,relationship_type,none|UPDATE|CONFLICT|CONTEXTUAL_OVERRIDE,,,
A013,A013-T01,test_validity,accept|reject,,,
A013,A013-T02,test_validity,accept|reject,,,
A013,A013-T03,test_validity,accept|reject,,,
A016,A016-R01,evaluator_verdict,pass|fail,,,
A016,A016-R02,evaluator_verdict,pass|fail,,,
A016,A016-R03,evaluator_verdict,pass|fail,,,
A016,A016-R04,evaluator_verdict,pass|fail,,,
A016,A016-R01,failure_dimension,none|accuracy|freshness|conflict_resolution|appropriate_use,,,
A016,A016-R02,failure_dimension,none|accuracy|freshness|conflict_resolution|appropriate_use,,,
A016,A016-R03,failure_dimension,none|accuracy|freshness|conflict_resolution|appropriate_use,,,
A016,A016-R04,failure_dimension,none|accuracy|freshness|conflict_resolution|appropriate_use,,,
A016,A016-G01,memory_inclusion,include|exclude,,,
A016,A016-G02,memory_inclusion,include|exclude,,,
A016,A016-G03,memory_inclusion,include|exclude,,,
A016,A016-P01,relationship_type,none|UPDATE|CONFLICT|CONTEXTUAL_OVERRIDE,,,
A016,A016-P02,relationship_type,none|UPDATE|CONFLICT|CONTEXTUAL_OVERRIDE,,,
A016,A016-T01,test_validity,accept|reject,,,
A016,A016-T02,test_validity,accept|reject,,,
A016,A016-T03,test_validity,accept|reject,,,
A017,A017-R01,evaluator_verdict,pass|fail,,,
A017,A017-R02,evaluator_verdict,pass|fail,,,
A017,A017-R03,evaluator_verdict,pass|fail,,,
A017,A017-R04,evaluator_verdict,pass|fail,,,
A017,A017-R01,failure_dimension,none|accuracy|freshness|conflict_resolution|appropriate_use,,,
A017,A017-R02,failure_dimension,none|accuracy|freshness|conflict_resolution|appropriate_use,,,
A017,A017-R03,failure_dimension,none|accuracy|freshness|conflict_resolution|appropriate_use,,,
A017,A017-R04,failure_dimension,none|accuracy|freshness|conflict_resolution|appropriate_use,,,
A017,A017-G01,memory_inclusion,include|exclude,,,
A017,A017-G02,memory_inclusion,include|exclude,,,
A017,A017-G03,memory_inclusion,include|exclude,,,
A017,A017-P01,relationship_type,none|UPDATE|CONFLICT|CONTEXTUAL_OVERRIDE,,,
A017,A017-P02,relationship_type,none|UPDATE|CONFLICT|CONTEXTUAL_OVERRIDE,,,
A017,A017-T01,test_validity,accept|reject,,,
A017,A017-T02,test_validity,accept|reject,,,
A017,A017-T03,test_validity,accept|reject,,,
A018,A018-R01,evaluator_verdict,pass|fail,,,
A018,A018-R02,evaluator_verdict,pass|fail,,,
A018,A018-R03,evaluator_verdict,pass|fail,,,
A018,A018-R04,evaluator_verdict,pass|fail,,,
A018,A018-R01,failure_dimension,none|accuracy|freshness|conflict_resolution|appropriate_use,,,
A018,A018-R02,failure_dimension,none|accuracy|freshness|conflict_resolution|appropriate_use,,,
A018,A018-R03,failure_dimension,none|accuracy|freshness|conflict_resolution|appropriate_use,,,
A018,A018-R04,failure_dimension,none|accuracy|freshness|conflict_resolution|appropriate_use,,,
A018,A018-G01,memory_inclusion,include|exclude,,,
A018,A018-G02,memory_inclusion,include|exclude,,,
A018,A018-G03,memory_inclusion,include|exclude,,,
A018,A018-P01,relationship_type,none|UPDATE|CONFLICT|CONTEXTUAL_OVERRIDE,,,
A018,A018-P02,relationship_type,none|UPDATE|CONFLICT|CONTEXTUAL_OVERRIDE,,,
A018,A018-T01,test_validity,accept|reject,,,
A018,A018-T02,test_validity,accept|reject,,,
A018,A018-T03,test_validity,accept|reject,,,
