conversation_id,item_id,task,initial_ai_label,final_ai_label,initial_source_message_ids,final_source_message_ids,review_status,decision_note,reviewer,independent_human_disagreement
A001,A001-R01,evaluator_verdict,fail,fail,A001-M01|A001-M02,A001-M01,evidence_refined,Response 'CSV' to A001-T01: Substitutes an incorrect value for the explicit source fact. Final evaluator_verdict: fail.,Codex same-assistant source-visible review,not_measured
A001,A001-R02,evaluator_verdict,fail,fail,A001-M01|A001-M02,A001-M01,evidence_refined,Response 'CSV' to A001-T02: Substitutes an incorrect value for the explicit source fact. Final evaluator_verdict: fail.,Codex same-assistant source-visible review,not_measured
A001,A001-R03,evaluator_verdict,pass,pass,A001-M01|A001-M02,A001-M01,evidence_refined,Response 'JSON Lines' to A001-T01: State JSON Lines; do not substitute CSV. Final evaluator_verdict: pass.,Codex same-assistant source-visible review,not_measured
A001,A001-R04,evaluator_verdict,pass,pass,A001-M01|A001-M02,A001-M01,evidence_refined,Response 'JSON Lines' to A001-T02: State JSON Lines; do not substitute CSV. Final evaluator_verdict: pass.,Codex same-assistant source-visible review,not_measured
A001,A001-R01,failure_dimension,accuracy,accuracy,A001-M01|A001-M02,A001-M01,evidence_refined,Response 'CSV' to A001-T01: Substitutes an incorrect value for the explicit source fact. Final failure_dimension: accuracy.,Codex same-assistant source-visible review,not_measured
A001,A001-R02,failure_dimension,accuracy,accuracy,A001-M01|A001-M02,A001-M01,evidence_refined,Response 'CSV' to A001-T02: Substitutes an incorrect value for the explicit source fact. Final failure_dimension: accuracy.,Codex same-assistant source-visible review,not_measured
A001,A001-R03,failure_dimension,none,none,A001-M01|A001-M02,A001-M01,evidence_refined,Response 'JSON Lines' to A001-T01: State JSON Lines; do not substitute CSV. The failure dimension is none because this response passes.,Codex same-assistant source-visible review,not_measured
A001,A001-R04,failure_dimension,none,none,A001-M01|A001-M02,A001-M01,evidence_refined,Response 'JSON Lines' to A001-T02: State JSON Lines; do not substitute CSV. The failure dimension is none because this response passes.,Codex same-assistant source-visible review,not_measured
A001,A001-G01,memory_inclusion,include,include,A001-M01,A001-M01,confirmed_on_ai_review,Include the scoped claim 'The Atlas audit export format is JSON Lines.'. It is explicitly supported by A001-M01; preserve historical or document-claim qualifiers.,Codex same-assistant source-visible review,not_measured
A001,A001-G02,memory_inclusion,exclude,exclude,A001-M01|A001-M02,A001-M01|A001-M02,confirmed_on_ai_review,"Exclude 'The user personally prefers JSON Lines.'. The source establishes only the narrower stated fact(s); it does not support this preference, global extension, entity substitution or definitive choice.",Codex same-assistant source-visible review,not_measured
A001,A001-G03,memory_inclusion,include,include,A001-M02,A001-M02,confirmed_on_ai_review,Include the scoped claim 'The Atlas audit retention period is 14 days.'. It is explicitly supported by A001-M02; preserve historical or document-claim qualifiers.,Codex same-assistant source-visible review,not_measured
A001,A001-P01,relationship_type,none,none,A001-M01|A001-M02,A001-M01|A001-M02,confirmed_on_ai_review,"Ordered pair A001-G03 → A001-G01: no supported relation in this direction. Distinct facts are unrelated, and the reverse of UPDATE or CONTEXTUAL_OVERRIDE is not a second such relation.",Codex same-assistant source-visible review,not_measured
A001,A001-P02,relationship_type,none,none,A001-M01|A001-M02,A001-M01|A001-M02,confirmed_on_ai_review,"Ordered pair A001-G01 → A001-G03: no supported relation in this direction. Distinct facts are unrelated, and the reverse of UPDATE or CONTEXTUAL_OVERRIDE is not a second such relation.",Codex same-assistant source-visible review,not_measured
A001,A001-T01,test_validity,accept,accept,A001-M01|A001-M02,A001-M01,evidence_refined,Accept 'What file format is used for Atlas audit exports?' — Grounded in the cited source facts; answer is not stated in the question. Expected behaviour checked against source: State JSON Lines; do not substitute CSV.,Codex same-assistant source-visible review,not_measured
A001,A001-T02,test_validity,accept,accept,A001-M01|A001-M02,A001-M01,evidence_refined,Accept 'I am writing the Atlas export reader. Which format must it parse?' — Grounded in the cited source facts; answer is not stated in the question. Expected behaviour checked against source: State JSON Lines; do not substitute CSV.,Codex same-assistant source-visible review,not_measured
A001,A001-T03,test_validity,reject,reject,A001-M01|A001-M02,A001-M01|A001-M02,confirmed_on_ai_review,Reject 'Is JSON Lines the Atlas export format?' — The prompt reveals the answer. Expected behaviour checked against source: State JSON Lines.,Codex same-assistant source-visible review,not_measured
A002,A002-R01,evaluator_verdict,pass,pass,A002-M01|A002-M02,A002-M01,evidence_refined,Response '25 minutes' to A002-T02: State 25 minutes; do not substitute 45 minutes. Final evaluator_verdict: pass.,Codex same-assistant source-visible review,not_measured
A002,A002-R02,evaluator_verdict,fail,fail,A002-M01|A002-M02,A002-M01,evidence_refined,Response '45 minutes' to A002-T02: Substitutes an incorrect value for the explicit source fact. Final evaluator_verdict: fail.,Codex same-assistant source-visible review,not_measured
A002,A002-R03,evaluator_verdict,fail,fail,A002-M01|A002-M02,A002-M01,evidence_refined,Response '45 minutes' to A002-T01: Substitutes an incorrect value for the explicit source fact. Final evaluator_verdict: fail.,Codex same-assistant source-visible review,not_measured
A002,A002-R04,evaluator_verdict,pass,pass,A002-M01|A002-M02,A002-M01,evidence_refined,Response '25 minutes' to A002-T01: State 25 minutes; do not substitute 45 minutes. Final evaluator_verdict: pass.,Codex same-assistant source-visible review,not_measured
A002,A002-R01,failure_dimension,none,none,A002-M01|A002-M02,A002-M01,evidence_refined,Response '25 minutes' to A002-T02: State 25 minutes; do not substitute 45 minutes. The failure dimension is none because this response passes.,Codex same-assistant source-visible review,not_measured
A002,A002-R02,failure_dimension,accuracy,accuracy,A002-M01|A002-M02,A002-M01,evidence_refined,Response '45 minutes' to A002-T02: Substitutes an incorrect value for the explicit source fact. Final failure_dimension: accuracy.,Codex same-assistant source-visible review,not_measured
A002,A002-R03,failure_dimension,accuracy,accuracy,A002-M01|A002-M02,A002-M01,evidence_refined,Response '45 minutes' to A002-T01: Substitutes an incorrect value for the explicit source fact. Final failure_dimension: accuracy.,Codex same-assistant source-visible review,not_measured
A002,A002-R04,failure_dimension,none,none,A002-M01|A002-M02,A002-M01,evidence_refined,Response '25 minutes' to A002-T01: State 25 minutes; do not substitute 45 minutes. The failure dimension is none because this response passes.,Codex same-assistant source-visible review,not_measured
A002,A002-G01,memory_inclusion,include,include,A002-M02,A002-M02,confirmed_on_ai_review,Include the scoped claim 'The Helix review agenda has three sections.'. It is explicitly supported by A002-M02; preserve historical or document-claim qualifiers.,Codex same-assistant source-visible review,not_measured
A002,A002-G02,memory_inclusion,exclude,exclude,A002-M01|A002-M02,A002-M01|A002-M02,confirmed_on_ai_review,"Exclude 'The user prefers short meetings.'. The source establishes only the narrower stated fact(s); it does not support this preference, global extension, entity substitution or definitive choice.",Codex same-assistant source-visible review,not_measured
A002,A002-G03,memory_inclusion,include,include,A002-M01,A002-M01,confirmed_on_ai_review,Include the scoped claim 'The Helix review meeting lasts 25 minutes.'. It is explicitly supported by A002-M01; preserve historical or document-claim qualifiers.,Codex same-assistant source-visible review,not_measured
A002,A002-P01,relationship_type,none,none,A002-M01|A002-M02,A002-M01|A002-M02,confirmed_on_ai_review,"Ordered pair A002-G01 → A002-G03: no supported relation in this direction. Distinct facts are unrelated, and the reverse of UPDATE or CONTEXTUAL_OVERRIDE is not a second such relation.",Codex same-assistant source-visible review,not_measured
A002,A002-P02,relationship_type,none,none,A002-M01|A002-M02,A002-M01|A002-M02,confirmed_on_ai_review,"Ordered pair A002-G03 → A002-G01: no supported relation in this direction. Distinct facts are unrelated, and the reverse of UPDATE or CONTEXTUAL_OVERRIDE is not a second such relation.",Codex same-assistant source-visible review,not_measured
A002,A002-T01,test_validity,accept,accept,A002-M01|A002-M02,A002-M01,evidence_refined,Accept 'How much time should I reserve for a Helix review?' — Grounded in the cited source facts; answer is not stated in the question. Expected behaviour checked against source: State 25 minutes; do not substitute 45 minutes.,Codex same-assistant source-visible review,not_measured
A002,A002-T02,test_validity,accept,accept,A002-M01|A002-M02,A002-M01,evidence_refined,Accept 'How long is the Helix review meeting?' — Grounded in the cited source facts; answer is not stated in the question. Expected behaviour checked against source: State 25 minutes; do not substitute 45 minutes.,Codex same-assistant source-visible review,not_measured
A002,A002-T03,test_validity,reject,reject,A002-M01|A002-M02,A002-M01|A002-M02,confirmed_on_ai_review,Reject 'How long is the Helix planning workshop?' — No duration is supplied for a planning workshop. Expected behaviour checked against source: No specific factual answer is supported; acknowledge the missing evidence.,Codex same-assistant source-visible review,not_measured
A003,A003-R01,evaluator_verdict,fail,fail,A003-M01|A003-M02,A003-M01,evidence_refined,Response 'Python 3.10' to A003-T01: Substitutes an incorrect value for the explicit source fact. Final evaluator_verdict: fail.,Codex same-assistant source-visible review,not_measured
A003,A003-R02,evaluator_verdict,fail,fail,A003-M01|A003-M02,A003-M01,evidence_refined,Response 'Python 3.10' to A003-T02: Substitutes an incorrect value for the explicit source fact. Final evaluator_verdict: fail.,Codex same-assistant source-visible review,not_measured
A003,A003-R03,evaluator_verdict,pass,pass,A003-M01|A003-M02,A003-M01,evidence_refined,Response 'Python 3.12' to A003-T02: State Python 3.12; do not substitute Python 3.10. Final evaluator_verdict: pass.,Codex same-assistant source-visible review,not_measured
A003,A003-R04,evaluator_verdict,pass,pass,A003-M01|A003-M02,A003-M01,evidence_refined,Response 'Python 3.12' to A003-T01: State Python 3.12; do not substitute Python 3.10. Final evaluator_verdict: pass.,Codex same-assistant source-visible review,not_measured
A003,A003-R01,failure_dimension,accuracy,accuracy,A003-M01|A003-M02,A003-M01,evidence_refined,Response 'Python 3.10' to A003-T01: Substitutes an incorrect value for the explicit source fact. Final failure_dimension: accuracy.,Codex same-assistant source-visible review,not_measured
A003,A003-R02,failure_dimension,accuracy,accuracy,A003-M01|A003-M02,A003-M01,evidence_refined,Response 'Python 3.10' to A003-T02: Substitutes an incorrect value for the explicit source fact. Final failure_dimension: accuracy.,Codex same-assistant source-visible review,not_measured
A003,A003-R03,failure_dimension,none,none,A003-M01|A003-M02,A003-M01,evidence_refined,Response 'Python 3.12' to A003-T02: State Python 3.12; do not substitute Python 3.10. The failure dimension is none because this response passes.,Codex same-assistant source-visible review,not_measured
A003,A003-R04,failure_dimension,none,none,A003-M01|A003-M02,A003-M01,evidence_refined,Response 'Python 3.12' to A003-T01: State Python 3.12; do not substitute Python 3.10. The failure dimension is none because this response passes.,Codex same-assistant source-visible review,not_measured
A003,A003-G01,memory_inclusion,include,include,A003-M01,A003-M01,confirmed_on_ai_review,Include the scoped claim 'The Kestrel worker is built with Python 3.12.'. It is explicitly supported by A003-M01; preserve historical or document-claim qualifiers.,Codex same-assistant source-visible review,not_measured
A003,A003-G02,memory_inclusion,exclude,exclude,A003-M01|A003-M02,A003-M01|A003-M02,confirmed_on_ai_review,"Exclude 'All team projects use Python 3.12.'. The source establishes only the narrower stated fact(s); it does not support this preference, global extension, entity substitution or definitive choice.",Codex same-assistant source-visible review,not_measured
A003,A003-G03,memory_inclusion,include,include,A003-M02,A003-M02,confirmed_on_ai_review,Include the scoped claim 'The Kestrel worker package is named kestrel-worker.'. It is explicitly supported by A003-M02; preserve historical or document-claim qualifiers.,Codex same-assistant source-visible review,not_measured
A003,A003-P01,relationship_type,none,none,A003-M01|A003-M02,A003-M01|A003-M02,confirmed_on_ai_review,"Ordered pair A003-G03 → A003-G01: no supported relation in this direction. Distinct facts are unrelated, and the reverse of UPDATE or CONTEXTUAL_OVERRIDE is not a second such relation.",Codex same-assistant source-visible review,not_measured
A003,A003-P02,relationship_type,none,none,A003-M01|A003-M02,A003-M01|A003-M02,confirmed_on_ai_review,"Ordered pair A003-G01 → A003-G03: no supported relation in this direction. Distinct facts are unrelated, and the reverse of UPDATE or CONTEXTUAL_OVERRIDE is not a second such relation.",Codex same-assistant source-visible review,not_measured
A003,A003-T01,test_validity,accept,accept,A003-M01|A003-M02,A003-M01,evidence_refined,Accept 'I am preparing the Kestrel worker build. What Python version do I need?' — Grounded in the cited source facts; answer is not stated in the question. Expected behaviour checked against source: State Python 3.12; do not substitute Python 3.10.,Codex same-assistant source-visible review,not_measured
A003,A003-T02,test_validity,accept,accept,A003-M01|A003-M02,A003-M01,evidence_refined,Accept 'Which Python version builds the Kestrel worker?' — Grounded in the cited source facts; answer is not stated in the question. Expected behaviour checked against source: State Python 3.12; do not substitute Python 3.10.,Codex same-assistant source-visible review,not_measured
A003,A003-T03,test_validity,reject,reject,A003-M01|A003-M02,A003-M01|A003-M02,confirmed_on_ai_review,Reject 'What Python version builds every team project?' — A worker-specific fact cannot establish every project version. Expected behaviour checked against source: No specific factual answer is supported; acknowledge the missing evidence.,Codex same-assistant source-visible review,not_measured
A006,A006-R01,evaluator_verdict,pass,pass,A006-M01|A006-M02|A006-M03,A006-M01|A006-M02,evidence_refined,Response 'PostgreSQL' to A006-T02: Use PostgreSQL as current; MySQL is superseded. Final evaluator_verdict: pass.,Codex same-assistant source-visible review,not_measured
A006,A006-R02,evaluator_verdict,pass,pass,A006-M01|A006-M02|A006-M03,A006-M01|A006-M02,evidence_refined,Response 'PostgreSQL' to A006-T01: Use PostgreSQL as current; MySQL is superseded. Final evaluator_verdict: pass.,Codex same-assistant source-visible review,not_measured
A006,A006-R03,evaluator_verdict,fail,fail,A006-M01|A006-M02|A006-M03,A006-M01|A006-M02,evidence_refined,Response 'MySQL' to A006-T01: Uses the superseded value as current. Final evaluator_verdict: fail.,Codex same-assistant source-visible review,not_measured
A006,A006-R04,evaluator_verdict,fail,fail,A006-M01|A006-M02|A006-M03,A006-M01|A006-M02,evidence_refined,Response 'MySQL' to A006-T02: Uses the superseded value as current. Final evaluator_verdict: fail.,Codex same-assistant source-visible review,not_measured
A006,A006-R01,failure_dimension,none,none,A006-M01|A006-M02|A006-M03,A006-M01|A006-M02,evidence_refined,Response 'PostgreSQL' to A006-T02: Use PostgreSQL as current; MySQL is superseded. The failure dimension is none because this response passes.,Codex same-assistant source-visible review,not_measured
A006,A006-R02,failure_dimension,none,none,A006-M01|A006-M02|A006-M03,A006-M01|A006-M02,evidence_refined,Response 'PostgreSQL' to A006-T01: Use PostgreSQL as current; MySQL is superseded. The failure dimension is none because this response passes.,Codex same-assistant source-visible review,not_measured
A006,A006-R03,failure_dimension,freshness,freshness,A006-M01|A006-M02|A006-M03,A006-M01|A006-M02,evidence_refined,Response 'MySQL' to A006-T01: Uses the superseded value as current. Final failure_dimension: freshness.,Codex same-assistant source-visible review,not_measured
A006,A006-R04,failure_dimension,freshness,freshness,A006-M01|A006-M02|A006-M03,A006-M01|A006-M02,evidence_refined,Response 'MySQL' to A006-T02: Uses the superseded value as current. Final failure_dimension: freshness.,Codex same-assistant source-visible review,not_measured
A006,A006-G01,memory_inclusion,include,include,A006-M03,A006-M03,confirmed_on_ai_review,Include the scoped claim 'The Beacon logs are in object storage.'. It is explicitly supported by A006-M03; preserve historical or document-claim qualifiers.,Codex same-assistant source-visible review,not_measured
A006,A006-G02,memory_inclusion,exclude,exclude,A006-M01|A006-M02|A006-M03,A006-M01|A006-M02|A006-M03,confirmed_on_ai_review,"Exclude 'The Beacon logs migrated to PostgreSQL.'. The source establishes only the narrower stated fact(s); it does not support this preference, global extension, entity substitution or definitive choice.",Codex same-assistant source-visible review,not_measured
A006,A006-G03,memory_inclusion,include,include,A006-M01,A006-M01,confirmed_on_ai_review,Include the scoped claim 'The Beacon backend previously used MySQL.'. It is explicitly supported by A006-M01; preserve historical or document-claim qualifiers.,Codex same-assistant source-visible review,not_measured
A006,A006-G04,memory_inclusion,include,include,A006-M02,A006-M02,confirmed_on_ai_review,Include the scoped claim 'The Beacon backend now uses PostgreSQL.'. It is explicitly supported by A006-M02; preserve historical or document-claim qualifiers.,Codex same-assistant source-visible review,not_measured
A006,A006-P01,relationship_type,none,none,A006-M01|A006-M02,A006-M01|A006-M02,confirmed_on_ai_review,"Ordered pair A006-G03 → A006-G04: no supported relation in this direction. Distinct facts are unrelated, and the reverse of UPDATE or CONTEXTUAL_OVERRIDE is not a second such relation.",Codex same-assistant source-visible review,not_measured
A006,A006-P02,relationship_type,UPDATE,UPDATE,A006-M01|A006-M02,A006-M01|A006-M02,confirmed_on_ai_review,Ordered pair A006-G04 → A006-G03: the later statement explicitly replaces the earlier value for the same subject. Preserve both records and use the later value for current questions.,Codex same-assistant source-visible review,not_measured
A006,A006-T01,test_validity,accept,accept,A006-M01|A006-M02|A006-M03,A006-M01|A006-M02,evidence_refined,Accept 'Which database does the Beacon backend use now?' — Grounded in the cited source facts; answer is not stated in the question. Expected behaviour checked against source: Use PostgreSQL as current; MySQL is superseded.,Codex same-assistant source-visible review,not_measured
A006,A006-T02,test_validity,accept,accept,A006-M01|A006-M02|A006-M03,A006-M01|A006-M02,evidence_refined,Accept 'I am configuring the current Beacon database client. Which database should it connect to?' — Grounded in the cited source facts; answer is not stated in the question. Expected behaviour checked against source: Use PostgreSQL as current; MySQL is superseded.,Codex same-assistant source-visible review,not_measured
A006,A006-T03,test_validity,reject,reject,A006-M01|A006-M02|A006-M03,A006-M01|A006-M02|A006-M03,confirmed_on_ai_review,Reject 'What database will Beacon migrate to next year?' — No future migration is stated. Expected behaviour checked against source: No specific factual answer is supported; acknowledge the missing evidence.,Codex same-assistant source-visible review,not_measured
A007,A007-R01,evaluator_verdict,pass,pass,A007-M01|A007-M02|A007-M03,A007-M01|A007-M02,evidence_refined,Response '14 October 2026' to A007-T01: Use 14 October 2026 as current; 10 October 2026 is superseded. Final evaluator_verdict: pass.,Codex same-assistant source-visible review,not_measured
A007,A007-R02,evaluator_verdict,fail,fail,A007-M01|A007-M02|A007-M03,A007-M01|A007-M02,evidence_refined,Response '10 October 2026' to A007-T02: Uses the superseded value as current. Final evaluator_verdict: fail.,Codex same-assistant source-visible review,not_measured
A007,A007-R03,evaluator_verdict,fail,fail,A007-M01|A007-M02|A007-M03,A007-M01|A007-M02,evidence_refined,Response '10 October 2026' to A007-T01: Uses the superseded value as current. Final evaluator_verdict: fail.,Codex same-assistant source-visible review,not_measured
A007,A007-R04,evaluator_verdict,pass,pass,A007-M01|A007-M02|A007-M03,A007-M01|A007-M02,evidence_refined,Response '14 October 2026' to A007-T02: Use 14 October 2026 as current; 10 October 2026 is superseded. Final evaluator_verdict: pass.,Codex same-assistant source-visible review,not_measured
A007,A007-R01,failure_dimension,none,none,A007-M01|A007-M02|A007-M03,A007-M01|A007-M02,evidence_refined,Response '14 October 2026' to A007-T01: Use 14 October 2026 as current; 10 October 2026 is superseded. The failure dimension is none because this response passes.,Codex same-assistant source-visible review,not_measured
A007,A007-R02,failure_dimension,freshness,freshness,A007-M01|A007-M02|A007-M03,A007-M01|A007-M02,evidence_refined,Response '10 October 2026' to A007-T02: Uses the superseded value as current. Final failure_dimension: freshness.,Codex same-assistant source-visible review,not_measured
A007,A007-R03,failure_dimension,freshness,freshness,A007-M01|A007-M02|A007-M03,A007-M01|A007-M02,evidence_refined,Response '10 October 2026' to A007-T01: Uses the superseded value as current. Final failure_dimension: freshness.,Codex same-assistant source-visible review,not_measured
A007,A007-R04,failure_dimension,none,none,A007-M01|A007-M02|A007-M03,A007-M01|A007-M02,evidence_refined,Response '14 October 2026' to A007-T02: Use 14 October 2026 as current; 10 October 2026 is superseded. The failure dimension is none because this response passes.,Codex same-assistant source-visible review,not_measured
A007,A007-G01,memory_inclusion,include,include,A007-M01,A007-M01,confirmed_on_ai_review,Include the scoped claim 'The previous Nimbus report deadline was 10 October 2026.'. It is explicitly supported by A007-M01; preserve historical or document-claim qualifiers.,Codex same-assistant source-visible review,not_measured
A007,A007-G02,memory_inclusion,include,include,A007-M03,A007-M03,confirmed_on_ai_review,Include the scoped claim 'The Nimbus report submission format is PDF.'. It is explicitly supported by A007-M03; preserve historical or document-claim qualifiers.,Codex same-assistant source-visible review,not_measured
A007,A007-G03,memory_inclusion,include,include,A007-M02,A007-M02,confirmed_on_ai_review,Include the scoped claim 'The current Nimbus report deadline is 14 October 2026.'. It is explicitly supported by A007-M02; preserve historical or document-claim qualifiers.,Codex same-assistant source-visible review,not_measured
A007,A007-G04,memory_inclusion,exclude,exclude,A007-M01|A007-M02|A007-M03,A007-M01|A007-M02|A007-M03,confirmed_on_ai_review,"Exclude 'Every Nimbus deadline moved by four days.'. The source establishes only the narrower stated fact(s); it does not support this preference, global extension, entity substitution or definitive choice.",Codex same-assistant source-visible review,not_measured
A007,A007-P01,relationship_type,none,none,A007-M01|A007-M02,A007-M01|A007-M02,confirmed_on_ai_review,"Ordered pair A007-G01 → A007-G03: no supported relation in this direction. Distinct facts are unrelated, and the reverse of UPDATE or CONTEXTUAL_OVERRIDE is not a second such relation.",Codex same-assistant source-visible review,not_measured
A007,A007-P02,relationship_type,UPDATE,UPDATE,A007-M01|A007-M02,A007-M01|A007-M02,confirmed_on_ai_review,Ordered pair A007-G03 → A007-G01: the later statement explicitly replaces the earlier value for the same subject. Preserve both records and use the later value for current questions.,Codex same-assistant source-visible review,not_measured
A007,A007-T01,test_validity,accept,accept,A007-M01|A007-M02|A007-M03,A007-M01|A007-M02,evidence_refined,Accept 'What is the current Nimbus report deadline?' — Grounded in the cited source facts; answer is not stated in the question. Expected behaviour checked against source: Use 14 October 2026 as current; 10 October 2026 is superseded.,Codex same-assistant source-visible review,not_measured
A007,A007-T02,test_validity,accept,accept,A007-M01|A007-M02|A007-M03,A007-M01|A007-M02,evidence_refined,Accept 'Which date should I put in the reminder for submitting the Nimbus report?' — Grounded in the cited source facts; answer is not stated in the question. Expected behaviour checked against source: Use 14 October 2026 as current; 10 October 2026 is superseded.,Codex same-assistant source-visible review,not_measured
A007,A007-T03,test_validity,reject,reject,A007-M01|A007-M02|A007-M03,A007-M01|A007-M02|A007-M03,confirmed_on_ai_review,Reject 'When is the Nimbus presentation due?' — The report deadline does not establish a presentation deadline. Expected behaviour checked against source: No specific factual answer is supported; acknowledge the missing evidence.,Codex same-assistant source-visible review,not_measured
A008,A008-R01,evaluator_verdict,fail,fail,A008-M01|A008-M02|A008-M03,A008-M01|A008-M02,evidence_refined,Response 'R-12' to A008-T03: Uses the superseded value as current. Final evaluator_verdict: fail.,Codex same-assistant source-visible review,not_measured
A008,A008-R02,evaluator_verdict,pass,pass,A008-M01|A008-M02|A008-M03,A008-M01|A008-M02,evidence_refined,Response 'R-18' to A008-T03: Use R-18 as current; R-12 is superseded. Final evaluator_verdict: pass.,Codex same-assistant source-visible review,not_measured
A008,A008-R03,evaluator_verdict,fail,fail,A008-M01|A008-M02|A008-M03,A008-M01|A008-M02,evidence_refined,Response 'R-12' to A008-T02: Uses the superseded value as current. Final evaluator_verdict: fail.,Codex same-assistant source-visible review,not_measured
A008,A008-R04,evaluator_verdict,pass,pass,A008-M01|A008-M02|A008-M03,A008-M01|A008-M02,evidence_refined,Response 'R-18' to A008-T02: Use R-18 as current; R-12 is superseded. Final evaluator_verdict: pass.,Codex same-assistant source-visible review,not_measured
A008,A008-R01,failure_dimension,freshness,freshness,A008-M01|A008-M02|A008-M03,A008-M01|A008-M02,evidence_refined,Response 'R-12' to A008-T03: Uses the superseded value as current. Final failure_dimension: freshness.,Codex same-assistant source-visible review,not_measured
A008,A008-R02,failure_dimension,none,none,A008-M01|A008-M02|A008-M03,A008-M01|A008-M02,evidence_refined,Response 'R-18' to A008-T03: Use R-18 as current; R-12 is superseded. The failure dimension is none because this response passes.,Codex same-assistant source-visible review,not_measured
A008,A008-R03,failure_dimension,freshness,freshness,A008-M01|A008-M02|A008-M03,A008-M01|A008-M02,evidence_refined,Response 'R-12' to A008-T02: Uses the superseded value as current. Final failure_dimension: freshness.,Codex same-assistant source-visible review,not_measured
A008,A008-R04,failure_dimension,none,none,A008-M01|A008-M02|A008-M03,A008-M01|A008-M02,evidence_refined,Response 'R-18' to A008-T02: Use R-18 as current; R-12 is superseded. The failure dimension is none because this response passes.,Codex same-assistant source-visible review,not_measured
A008,A008-G01,memory_inclusion,exclude,exclude,A008-M01|A008-M02|A008-M03,A008-M01|A008-M02|A008-M03,confirmed_on_ai_review,"Exclude 'All Quartz meetings moved to R-18.'. The source establishes only the narrower stated fact(s); it does not support this preference, global extension, entity substitution or definitive choice.",Codex same-assistant source-visible review,not_measured
A008,A008-G02,memory_inclusion,include,include,A008-M02,A008-M02,confirmed_on_ai_review,Include the scoped claim 'The current Quartz demo room is R-18.'. It is explicitly supported by A008-M02; preserve historical or document-claim qualifiers.,Codex same-assistant source-visible review,not_measured
A008,A008-G03,memory_inclusion,include,include,A008-M03,A008-M03,confirmed_on_ai_review,Include the scoped claim 'The Quartz demo lasts 20 minutes.'. It is explicitly supported by A008-M03; preserve historical or document-claim qualifiers.,Codex same-assistant source-visible review,not_measured
A008,A008-G04,memory_inclusion,include,include,A008-M01,A008-M01,confirmed_on_ai_review,Include the scoped claim 'The previous Quartz demo room was R-12.'. It is explicitly supported by A008-M01; preserve historical or document-claim qualifiers.,Codex same-assistant source-visible review,not_measured
A008,A008-P01,relationship_type,UPDATE,UPDATE,A008-M01|A008-M02,A008-M01|A008-M02,confirmed_on_ai_review,Ordered pair A008-G02 → A008-G04: the later statement explicitly replaces the earlier value for the same subject. Preserve both records and use the later value for current questions.,Codex same-assistant source-visible review,not_measured
A008,A008-P02,relationship_type,none,none,A008-M01|A008-M02,A008-M01|A008-M02,confirmed_on_ai_review,"Ordered pair A008-G04 → A008-G02: no supported relation in this direction. Distinct facts are unrelated, and the reverse of UPDATE or CONTEXTUAL_OVERRIDE is not a second such relation.",Codex same-assistant source-visible review,not_measured
A008,A008-T01,test_validity,reject,reject,A008-M01|A008-M02|A008-M03,A008-M01|A008-M02|A008-M03,confirmed_on_ai_review,Reject 'Where is the Quartz weekly planning meeting?' — Only the demo room is specified. Expected behaviour checked against source: No specific factual answer is supported; acknowledge the missing evidence.,Codex same-assistant source-visible review,not_measured
A008,A008-T02,test_validity,accept,accept,A008-M01|A008-M02|A008-M03,A008-M01|A008-M02,evidence_refined,Accept 'Where should the attendees go for the Quartz demo?' — Grounded in the cited source facts; answer is not stated in the question. Expected behaviour checked against source: Use R-18 as current; R-12 is superseded.,Codex same-assistant source-visible review,not_measured
A008,A008-T03,test_validity,accept,accept,A008-M01|A008-M02|A008-M03,A008-M01|A008-M02,evidence_refined,Accept 'Which room is the Quartz demo in now?' — Grounded in the cited source facts; answer is not stated in the question. Expected behaviour checked against source: Use R-18 as current; R-12 is superseded.,Codex same-assistant source-visible review,not_measured
A011,A011-R01,evaluator_verdict,pass,pass,A011-M01,A011-M01,confirmed_on_ai_review,Response 'The Redis and Memcached briefs conflict with no established priority. Confirm the authoritative brief before choosing.' to A011-T02: The Redis and Memcached briefs conflict with no established priority. Confirm the authoritative brief before choosing. Final evaluator_verdict: pass.,Codex same-assistant source-visible review,not_measured
A011,A011-R02,evaluator_verdict,fail,fail,A011-M01,A011-M01,confirmed_on_ai_review,Response 'Use Redis.' to A011-T02: Selects one unresolved requirement without establishing priority. Final evaluator_verdict: fail.,Codex same-assistant source-visible review,not_measured
A011,A011-R03,evaluator_verdict,fail,fail,A011-M01,A011-M01,confirmed_on_ai_review,Response 'Use Redis.' to A011-T01: Selects one unresolved requirement without establishing priority. Final evaluator_verdict: fail.,Codex same-assistant source-visible review,not_measured
A011,A011-R04,evaluator_verdict,pass,pass,A011-M01,A011-M01,confirmed_on_ai_review,Response 'The Redis and Memcached briefs conflict with no established priority. Confirm the authoritative brief before choosing.' to A011-T01: The Redis and Memcached briefs conflict with no established priority. Confirm the authoritative brief before choosing. Final evaluator_verdict: pass.,Codex same-assistant source-visible review,not_measured
A011,A011-R01,failure_dimension,none,none,A011-M01,A011-M01,confirmed_on_ai_review,Response 'The Redis and Memcached briefs conflict with no established priority. Confirm the authoritative brief before choosing.' to A011-T02: The Redis and Memcached briefs conflict with no established priority. Confirm the authoritative brief before choosing. The failure dimension is none because this response passes.,Codex same-assistant source-visible review,not_measured
A011,A011-R02,failure_dimension,conflict_resolution,conflict_resolution,A011-M01,A011-M01,confirmed_on_ai_review,Response 'Use Redis.' to A011-T02: Selects one unresolved requirement without establishing priority. Final failure_dimension: conflict_resolution.,Codex same-assistant source-visible review,not_measured
A011,A011-R03,failure_dimension,conflict_resolution,conflict_resolution,A011-M01,A011-M01,confirmed_on_ai_review,Response 'Use Redis.' to A011-T01: Selects one unresolved requirement without establishing priority. Final failure_dimension: conflict_resolution.,Codex same-assistant source-visible review,not_measured
A011,A011-R04,failure_dimension,none,none,A011-M01,A011-M01,confirmed_on_ai_review,Response 'The Redis and Memcached briefs conflict with no established priority. Confirm the authoritative brief before choosing.' to A011-T01: The Redis and Memcached briefs conflict with no established priority. Confirm the authoritative brief before choosing. The failure dimension is none because this response passes.,Codex same-assistant source-visible review,not_measured
A011,A011-G01,memory_inclusion,include,include,A011-M01,A011-M01,confirmed_on_ai_review,Include the scoped claim 'One Orion cache brief requires Redis.'. It is explicitly supported by A011-M01; preserve historical or document-claim qualifiers.,Codex same-assistant source-visible review,not_measured
A011,A011-G02,memory_inclusion,exclude,exclude,A011-M01,A011-M01,confirmed_on_ai_review,"Exclude 'The Orion cache definitely requires Redis.'. The source establishes only the narrower stated fact(s); it does not support this preference, global extension, entity substitution or definitive choice.",Codex same-assistant source-visible review,not_measured
A011,A011-G03,memory_inclusion,include,include,A011-M01,A011-M01,confirmed_on_ai_review,Include the scoped claim 'Another Orion cache brief requires Memcached.'. It is explicitly supported by A011-M01; preserve historical or document-claim qualifiers.,Codex same-assistant source-visible review,not_measured
A011,A011-P01,relationship_type,CONFLICT,CONFLICT,A011-M01,A011-M01,confirmed_on_ai_review,"Ordered pair A011-G01 → A011-G03: both qualified document claims remain supported, but there is no established authority to select one incompatible requirement. Keep both directions and require clarification.",Codex same-assistant source-visible review,not_measured
A011,A011-P02,relationship_type,CONFLICT,CONFLICT,A011-M01,A011-M01,confirmed_on_ai_review,"Ordered pair A011-G03 → A011-G01: both qualified document claims remain supported, but there is no established authority to select one incompatible requirement. Keep both directions and require clarification.",Codex same-assistant source-visible review,not_measured
A011,A011-T01,test_validity,accept,accept,A011-M01,A011-M01,confirmed_on_ai_review,Accept 'Which cache requirement should we follow for Orion?' — Grounded in the cited source facts; answer is not stated in the question. Expected behaviour checked against source: The Redis and Memcached briefs conflict with no established priority. Confirm the authoritative brief before choosing.,Codex same-assistant source-visible review,not_measured
A011,A011-T02,test_validity,accept,accept,A011-M01,A011-M01,confirmed_on_ai_review,Accept 'I need to implement the Orion cache. How should I proceed with these briefs?' — Grounded in the cited source facts; answer is not stated in the question. Expected behaviour checked against source: The Redis and Memcached briefs conflict with no established priority. Confirm the authoritative brief before choosing.,Codex same-assistant source-visible review,not_measured
A011,A011-T03,test_validity,reject,reject,A011-M01,A011-M01,confirmed_on_ai_review,Reject 'Which Orion brief was approved most recently?' — No approval chronology is available. Expected behaviour checked against source: No specific factual answer is supported; acknowledge the missing evidence.,Codex same-assistant source-visible review,not_measured
A012,A012-R01,evaluator_verdict,pass,pass,A012-M01,A012-M01,source_repaired_and_rechecked,"Response 'The requirements for exactly 8 and exactly 12 pages conflict. Ask which instruction governs before stating a confirmed page count.' to A012-T03: The requirements for exactly 8 and exactly 12 pages conflict. Ask which instruction governs before stating a confirmed page count. Final evaluator_verdict: pass. REVIEW-01: this decision applies to v2 exact-page requirements, not the superseded maximum-page wording.",Codex same-assistant source-visible review,not_measured
A012,A012-R02,evaluator_verdict,pass,pass,A012-M01,A012-M01,source_repaired_and_rechecked,"Response 'The requirements for exactly 8 and exactly 12 pages conflict. Ask which instruction governs before stating a confirmed page count.' to A012-T02: The requirements for exactly 8 and exactly 12 pages conflict. Ask which instruction governs before stating a confirmed page count. Final evaluator_verdict: pass. REVIEW-01: this decision applies to v2 exact-page requirements, not the superseded maximum-page wording.",Codex same-assistant source-visible review,not_measured
A012,A012-R03,evaluator_verdict,fail,fail,A012-M01,A012-M01,source_repaired_and_rechecked,"Response 'The confirmed required length is exactly 12 pages.' to A012-T02: Selects one unresolved requirement without establishing priority. Final evaluator_verdict: fail. REVIEW-01: this decision applies to v2 exact-page requirements, not the superseded maximum-page wording.",Codex same-assistant source-visible review,not_measured
A012,A012-R04,evaluator_verdict,fail,fail,A012-M01,A012-M01,source_repaired_and_rechecked,"Response 'The confirmed required length is exactly 12 pages.' to A012-T03: Selects one unresolved requirement without establishing priority. Final evaluator_verdict: fail. REVIEW-01: this decision applies to v2 exact-page requirements, not the superseded maximum-page wording.",Codex same-assistant source-visible review,not_measured
A012,A012-R01,failure_dimension,none,none,A012-M01,A012-M01,source_repaired_and_rechecked,"Response 'The requirements for exactly 8 and exactly 12 pages conflict. Ask which instruction governs before stating a confirmed page count.' to A012-T03: The requirements for exactly 8 and exactly 12 pages conflict. Ask which instruction governs before stating a confirmed page count. The failure dimension is none because this response passes. REVIEW-01: this decision applies to v2 exact-page requirements, not the superseded maximum-page wording.",Codex same-assistant source-visible review,not_measured
A012,A012-R02,failure_dimension,none,none,A012-M01,A012-M01,source_repaired_and_rechecked,"Response 'The requirements for exactly 8 and exactly 12 pages conflict. Ask which instruction governs before stating a confirmed page count.' to A012-T02: The requirements for exactly 8 and exactly 12 pages conflict. Ask which instruction governs before stating a confirmed page count. The failure dimension is none because this response passes. REVIEW-01: this decision applies to v2 exact-page requirements, not the superseded maximum-page wording.",Codex same-assistant source-visible review,not_measured
A012,A012-R03,failure_dimension,conflict_resolution,conflict_resolution,A012-M01,A012-M01,source_repaired_and_rechecked,"Response 'The confirmed required length is exactly 12 pages.' to A012-T02: Selects one unresolved requirement without establishing priority. Final failure_dimension: conflict_resolution. REVIEW-01: this decision applies to v2 exact-page requirements, not the superseded maximum-page wording.",Codex same-assistant source-visible review,not_measured
A012,A012-R04,failure_dimension,conflict_resolution,conflict_resolution,A012-M01,A012-M01,source_repaired_and_rechecked,"Response 'The confirmed required length is exactly 12 pages.' to A012-T03: Selects one unresolved requirement without establishing priority. Final failure_dimension: conflict_resolution. REVIEW-01: this decision applies to v2 exact-page requirements, not the superseded maximum-page wording.",Codex same-assistant source-visible review,not_measured
A012,A012-G01,memory_inclusion,exclude,exclude,A012-M01,A012-M01,source_repaired_and_rechecked,"Exclude 'The confirmed Sable report page limit is 12 pages.'. The source establishes only the narrower stated fact(s); it does not support this preference, global extension, entity substitution or definitive choice. REVIEW-01: this decision applies to v2 exact-page requirements, not the superseded maximum-page wording.",Codex same-assistant source-visible review,not_measured
A012,A012-G02,memory_inclusion,include,include,A012-M01,A012-M01,source_repaired_and_rechecked,"Include the scoped claim 'One Sable report instruction requires exactly 8 pages.'. It is explicitly supported by A012-M01; preserve historical or document-claim qualifiers. REVIEW-01: this decision applies to v2 exact-page requirements, not the superseded maximum-page wording.",Codex same-assistant source-visible review,not_measured
A012,A012-G03,memory_inclusion,include,include,A012-M01,A012-M01,source_repaired_and_rechecked,"Include the scoped claim 'Another Sable report instruction requires exactly 12 pages.'. It is explicitly supported by A012-M01; preserve historical or document-claim qualifiers. REVIEW-01: this decision applies to v2 exact-page requirements, not the superseded maximum-page wording.",Codex same-assistant source-visible review,not_measured
A012,A012-P01,relationship_type,CONFLICT,CONFLICT,A012-M01,A012-M01,source_repaired_and_rechecked,"Ordered pair A012-G02 → A012-G03: both qualified document claims remain supported, but there is no established authority to select one incompatible requirement. Keep both directions and require clarification. REVIEW-01: this decision applies to v2 exact-page requirements, not the superseded maximum-page wording.",Codex same-assistant source-visible review,not_measured
A012,A012-P02,relationship_type,CONFLICT,CONFLICT,A012-M01,A012-M01,source_repaired_and_rechecked,"Ordered pair A012-G03 → A012-G02: both qualified document claims remain supported, but there is no established authority to select one incompatible requirement. Keep both directions and require clarification. REVIEW-01: this decision applies to v2 exact-page requirements, not the superseded maximum-page wording.",Codex same-assistant source-visible review,not_measured
A012,A012-T01,test_validity,reject,reject,A012-M01,A012-M01,source_repaired_and_rechecked,"Reject 'When was the 12-page instruction approved?' — No approval date is supplied. Expected behaviour checked against source: No specific factual answer is supported; acknowledge the missing evidence. REVIEW-01: this decision applies to v2 exact-page requirements, not the superseded maximum-page wording.",Codex same-assistant source-visible review,not_measured
A012,A012-T02,test_validity,accept,accept,A012-M01,A012-M01,source_repaired_and_rechecked,"Accept 'What is the confirmed Sable report required page count?' — Grounded in the cited source facts; answer is not stated in the question. Expected behaviour checked against source: The requirements for exactly 8 and exactly 12 pages conflict. Ask which instruction governs before stating a confirmed page count. REVIEW-01: this decision applies to v2 exact-page requirements, not the superseded maximum-page wording.",Codex same-assistant source-visible review,not_measured
A012,A012-T03,test_validity,accept,accept,A012-M01,A012-M01,source_repaired_and_rechecked,"Accept 'Before finalising the Sable report length, what needs to be resolved?' — Grounded in the cited source facts; answer is not stated in the question. Expected behaviour checked against source: The requirements for exactly 8 and exactly 12 pages conflict. Ask which instruction governs before stating a confirmed page count. REVIEW-01: this decision applies to v2 exact-page requirements, not the superseded maximum-page wording.",Codex same-assistant source-visible review,not_measured
A013,A013-R01,evaluator_verdict,pass,pass,A013-M01,A013-M01,confirmed_on_ai_review,Response 'MQTT and AMQP conflict and neither has established precedence. Clarify the controlling specification before committing.' to A013-T03: MQTT and AMQP conflict and neither has established precedence. Clarify the controlling specification before committing. Final evaluator_verdict: pass.,Codex same-assistant source-visible review,not_measured
A013,A013-R02,evaluator_verdict,fail,fail,A013-M01,A013-M01,confirmed_on_ai_review,Response 'AMQP is the confirmed protocol.' to A013-T03: Selects one unresolved requirement without establishing priority. Final evaluator_verdict: fail.,Codex same-assistant source-visible review,not_measured
A013,A013-R03,evaluator_verdict,pass,pass,A013-M01,A013-M01,confirmed_on_ai_review,Response 'MQTT and AMQP conflict and neither has established precedence. Clarify the controlling specification before committing.' to A013-T02: MQTT and AMQP conflict and neither has established precedence. Clarify the controlling specification before committing. Final evaluator_verdict: pass.,Codex same-assistant source-visible review,not_measured
A013,A013-R04,evaluator_verdict,fail,fail,A013-M01,A013-M01,confirmed_on_ai_review,Response 'AMQP is the confirmed protocol.' to A013-T02: Selects one unresolved requirement without establishing priority. Final evaluator_verdict: fail.,Codex same-assistant source-visible review,not_measured
A013,A013-R01,failure_dimension,none,none,A013-M01,A013-M01,confirmed_on_ai_review,Response 'MQTT and AMQP conflict and neither has established precedence. Clarify the controlling specification before committing.' to A013-T03: MQTT and AMQP conflict and neither has established precedence. Clarify the controlling specification before committing. The failure dimension is none because this response passes.,Codex same-assistant source-visible review,not_measured
A013,A013-R02,failure_dimension,conflict_resolution,conflict_resolution,A013-M01,A013-M01,confirmed_on_ai_review,Response 'AMQP is the confirmed protocol.' to A013-T03: Selects one unresolved requirement without establishing priority. Final failure_dimension: conflict_resolution.,Codex same-assistant source-visible review,not_measured
A013,A013-R03,failure_dimension,none,none,A013-M01,A013-M01,confirmed_on_ai_review,Response 'MQTT and AMQP conflict and neither has established precedence. Clarify the controlling specification before committing.' to A013-T02: MQTT and AMQP conflict and neither has established precedence. Clarify the controlling specification before committing. The failure dimension is none because this response passes.,Codex same-assistant source-visible review,not_measured
A013,A013-R04,failure_dimension,conflict_resolution,conflict_resolution,A013-M01,A013-M01,confirmed_on_ai_review,Response 'AMQP is the confirmed protocol.' to A013-T02: Selects one unresolved requirement without establishing priority. Final failure_dimension: conflict_resolution.,Codex same-assistant source-visible review,not_measured
A013,A013-G01,memory_inclusion,include,include,A013-M01,A013-M01,confirmed_on_ai_review,Include the scoped claim 'One Flint transport specification requires MQTT.'. It is explicitly supported by A013-M01; preserve historical or document-claim qualifiers.,Codex same-assistant source-visible review,not_measured
A013,A013-G02,memory_inclusion,exclude,exclude,A013-M01,A013-M01,confirmed_on_ai_review,"Exclude 'AMQP supersedes MQTT for Flint.'. The source establishes only the narrower stated fact(s); it does not support this preference, global extension, entity substitution or definitive choice.",Codex same-assistant source-visible review,not_measured
A013,A013-G03,memory_inclusion,include,include,A013-M01,A013-M01,confirmed_on_ai_review,Include the scoped claim 'Another Flint transport specification requires AMQP.'. It is explicitly supported by A013-M01; preserve historical or document-claim qualifiers.,Codex same-assistant source-visible review,not_measured
A013,A013-P01,relationship_type,CONFLICT,CONFLICT,A013-M01,A013-M01,confirmed_on_ai_review,"Ordered pair A013-G03 → A013-G01: both qualified document claims remain supported, but there is no established authority to select one incompatible requirement. Keep both directions and require clarification.",Codex same-assistant source-visible review,not_measured
A013,A013-P02,relationship_type,CONFLICT,CONFLICT,A013-M01,A013-M01,confirmed_on_ai_review,"Ordered pair A013-G01 → A013-G03: both qualified document claims remain supported, but there is no established authority to select one incompatible requirement. Keep both directions and require clarification.",Codex same-assistant source-visible review,not_measured
A013,A013-T01,test_validity,reject,reject,A013-M01,A013-M01,confirmed_on_ai_review,Reject 'Which Flint transport specification is newer?' — The source explicitly lacks revision ordering. Expected behaviour checked against source: No specific factual answer is supported; acknowledge the missing evidence.,Codex same-assistant source-visible review,not_measured
A013,A013-T02,test_validity,accept,accept,A013-M01,A013-M01,confirmed_on_ai_review,Accept 'Which transport protocol is confirmed for Flint?' — Grounded in the cited source facts; answer is not stated in the question. Expected behaviour checked against source: MQTT and AMQP conflict and neither has established precedence. Clarify the controlling specification before committing.,Codex same-assistant source-visible review,not_measured
A013,A013-T03,test_validity,accept,accept,A013-M01,A013-M01,confirmed_on_ai_review,Accept 'Can I lock the Flint transport choice based on these specifications?' — Grounded in the cited source facts; answer is not stated in the question. Expected behaviour checked against source: MQTT and AMQP conflict and neither has established precedence. Clarify the controlling specification before committing.,Codex same-assistant source-visible review,not_measured
A016,A016-R01,evaluator_verdict,fail,fail,A016-M01|A016-M02,A016-M01|A016-M02,confirmed_on_ai_review,"Response 'Python, because that is your general preference.' to A016-T01: Applies the general preference despite the explicit current requirement. Final evaluator_verdict: fail.",Codex same-assistant source-visible review,not_measured
A016,A016-R02,evaluator_verdict,fail,fail,A016-M01|A016-M02,A016-M01|A016-M02,confirmed_on_ai_review,"Response 'Python, because that is your general preference.' to A016-T02: Applies the general preference despite the explicit current requirement. Final evaluator_verdict: fail.",Codex same-assistant source-visible review,not_measured
A016,A016-R03,evaluator_verdict,pass,pass,A016-M01|A016-M02,A016-M01|A016-M02,confirmed_on_ai_review,Response 'Java for the Ember assignment; the general Python preference does not change this requirement.' to A016-T02: Java for the Ember assignment; the general Python preference does not change this requirement. Final evaluator_verdict: pass.,Codex same-assistant source-visible review,not_measured
A016,A016-R04,evaluator_verdict,pass,pass,A016-M01|A016-M02,A016-M01|A016-M02,confirmed_on_ai_review,Response 'Java for the Ember assignment; the general Python preference does not change this requirement.' to A016-T01: Java for the Ember assignment; the general Python preference does not change this requirement. Final evaluator_verdict: pass.,Codex same-assistant source-visible review,not_measured
A016,A016-R01,failure_dimension,appropriate_use,appropriate_use,A016-M01|A016-M02,A016-M01|A016-M02,confirmed_on_ai_review,"Response 'Python, because that is your general preference.' to A016-T01: Applies the general preference despite the explicit current requirement. Final failure_dimension: appropriate_use.",Codex same-assistant source-visible review,not_measured
A016,A016-R02,failure_dimension,appropriate_use,appropriate_use,A016-M01|A016-M02,A016-M01|A016-M02,confirmed_on_ai_review,"Response 'Python, because that is your general preference.' to A016-T02: Applies the general preference despite the explicit current requirement. Final failure_dimension: appropriate_use.",Codex same-assistant source-visible review,not_measured
A016,A016-R03,failure_dimension,none,none,A016-M01|A016-M02,A016-M01|A016-M02,confirmed_on_ai_review,Response 'Java for the Ember assignment; the general Python preference does not change this requirement.' to A016-T02: Java for the Ember assignment; the general Python preference does not change this requirement. The failure dimension is none because this response passes.,Codex same-assistant source-visible review,not_measured
A016,A016-R04,failure_dimension,none,none,A016-M01|A016-M02,A016-M01|A016-M02,confirmed_on_ai_review,Response 'Java for the Ember assignment; the general Python preference does not change this requirement.' to A016-T01: Java for the Ember assignment; the general Python preference does not change this requirement. The failure dimension is none because this response passes.,Codex same-assistant source-visible review,not_measured
A016,A016-G01,memory_inclusion,include,include,A016-M01,A016-M01,confirmed_on_ai_review,Include the scoped claim 'The user generally prefers Python for programming.'. It is explicitly supported by A016-M01; preserve historical or document-claim qualifiers.,Codex same-assistant source-visible review,not_measured
A016,A016-G02,memory_inclusion,include,include,A016-M02,A016-M02,confirmed_on_ai_review,Include the scoped claim 'The current Ember assignment requires Java.'. It is explicitly supported by A016-M02; preserve historical or document-claim qualifiers.,Codex same-assistant source-visible review,not_measured
A016,A016-G03,memory_inclusion,exclude,exclude,A016-M01|A016-M02,A016-M01|A016-M02,confirmed_on_ai_review,"Exclude 'The user has stopped preferring Python.'. The source establishes only the narrower stated fact(s); it does not support this preference, global extension, entity substitution or definitive choice.",Codex same-assistant source-visible review,not_measured
A016,A016-P01,relationship_type,none,none,A016-M01|A016-M02,A016-M01|A016-M02,confirmed_on_ai_review,"Ordered pair A016-G01 → A016-G02: no supported relation in this direction. Distinct facts are unrelated, and the reverse of UPDATE or CONTEXTUAL_OVERRIDE is not a second such relation.",Codex same-assistant source-visible review,not_measured
A016,A016-P02,relationship_type,CONTEXTUAL_OVERRIDE,CONTEXTUAL_OVERRIDE,A016-M01|A016-M02,A016-M01|A016-M02,confirmed_on_ai_review,Ordered pair A016-G02 → A016-G01: the named task constraint takes priority only for that task; the general preference remains valid outside that context.,Codex same-assistant source-visible review,not_measured
A016,A016-T01,test_validity,accept,accept,A016-M01|A016-M02,A016-M01|A016-M02,confirmed_on_ai_review,Accept 'I am starting the Ember assignment implementation. What language should I select?' — Grounded in the cited source facts; answer is not stated in the question. Expected behaviour checked against source: Java for the Ember assignment; the general Python preference does not change this requirement.,Codex same-assistant source-visible review,not_measured
A016,A016-T02,test_validity,accept,accept,A016-M01|A016-M02,A016-M01|A016-M02,confirmed_on_ai_review,Accept 'Which language should I use for the current Ember assignment?' — Grounded in the cited source facts; answer is not stated in the question. Expected behaviour checked against source: Java for the Ember assignment; the general Python preference does not change this requirement.,Codex same-assistant source-visible review,not_measured
A016,A016-T03,test_validity,reject,reject,A016-M01|A016-M02,A016-M01|A016-M02,confirmed_on_ai_review,Reject 'Which language is mandatory for all future assignments?' — A current assignment requirement does not apply to every future assignment. Expected behaviour checked against source: No specific factual answer is supported; acknowledge the missing evidence.,Codex same-assistant source-visible review,not_measured
A017,A017-R01,evaluator_verdict,fail,fail,A017-M01|A017-M02,A017-M01|A017-M02,confirmed_on_ai_review,Response 'Use bullet points because you generally prefer them.' to A017-T02: Applies the general preference despite the explicit current requirement. Final evaluator_verdict: fail.,Codex same-assistant source-visible review,not_measured
A017,A017-R02,evaluator_verdict,pass,pass,A017-M01|A017-M02,A017-M01|A017-M02,confirmed_on_ai_review,Response 'Use continuous prose without bullet lists for the Opal assessment.' to A017-T01: Use continuous prose without bullet lists for the Opal assessment. Final evaluator_verdict: pass.,Codex same-assistant source-visible review,not_measured
A017,A017-R03,evaluator_verdict,pass,pass,A017-M01|A017-M02,A017-M01|A017-M02,confirmed_on_ai_review,Response 'Use continuous prose without bullet lists for the Opal assessment.' to A017-T02: Use continuous prose without bullet lists for the Opal assessment. Final evaluator_verdict: pass.,Codex same-assistant source-visible review,not_measured
A017,A017-R04,evaluator_verdict,fail,fail,A017-M01|A017-M02,A017-M01|A017-M02,confirmed_on_ai_review,Response 'Use bullet points because you generally prefer them.' to A017-T01: Applies the general preference despite the explicit current requirement. Final evaluator_verdict: fail.,Codex same-assistant source-visible review,not_measured
A017,A017-R01,failure_dimension,appropriate_use,appropriate_use,A017-M01|A017-M02,A017-M01|A017-M02,confirmed_on_ai_review,Response 'Use bullet points because you generally prefer them.' to A017-T02: Applies the general preference despite the explicit current requirement. Final failure_dimension: appropriate_use.,Codex same-assistant source-visible review,not_measured
A017,A017-R02,failure_dimension,none,none,A017-M01|A017-M02,A017-M01|A017-M02,confirmed_on_ai_review,Response 'Use continuous prose without bullet lists for the Opal assessment.' to A017-T01: Use continuous prose without bullet lists for the Opal assessment. The failure dimension is none because this response passes.,Codex same-assistant source-visible review,not_measured
A017,A017-R03,failure_dimension,none,none,A017-M01|A017-M02,A017-M01|A017-M02,confirmed_on_ai_review,Response 'Use continuous prose without bullet lists for the Opal assessment.' to A017-T02: Use continuous prose without bullet lists for the Opal assessment. The failure dimension is none because this response passes.,Codex same-assistant source-visible review,not_measured
A017,A017-R04,failure_dimension,appropriate_use,appropriate_use,A017-M01|A017-M02,A017-M01|A017-M02,confirmed_on_ai_review,Response 'Use bullet points because you generally prefer them.' to A017-T01: Applies the general preference despite the explicit current requirement. Final failure_dimension: appropriate_use.,Codex same-assistant source-visible review,not_measured
A017,A017-G01,memory_inclusion,include,include,A017-M01,A017-M01,canonical_precision_rechecked,Include the scoped claim 'The user generally prefers concise bullet-point summaries.'. It is explicitly supported by A017-M01; preserve historical or document-claim qualifiers.,Codex same-assistant source-visible review,not_measured
A017,A017-G02,memory_inclusion,include,include,A017-M02,A017-M02,confirmed_on_ai_review,Include the scoped claim 'The current Opal assessment requires continuous prose without bullet lists.'. It is explicitly supported by A017-M02; preserve historical or document-claim qualifiers.,Codex same-assistant source-visible review,not_measured
A017,A017-G03,memory_inclusion,exclude,exclude,A017-M01|A017-M02,A017-M01|A017-M02,confirmed_on_ai_review,"Exclude 'The user now dislikes bullet-point summaries.'. The source establishes only the narrower stated fact(s); it does not support this preference, global extension, entity substitution or definitive choice.",Codex same-assistant source-visible review,not_measured
A017,A017-P01,relationship_type,none,none,A017-M01|A017-M02,A017-M01|A017-M02,confirmed_on_ai_review,"Ordered pair A017-G01 → A017-G02: no supported relation in this direction. Distinct facts are unrelated, and the reverse of UPDATE or CONTEXTUAL_OVERRIDE is not a second such relation.",Codex same-assistant source-visible review,not_measured
A017,A017-P02,relationship_type,CONTEXTUAL_OVERRIDE,CONTEXTUAL_OVERRIDE,A017-M01|A017-M02,A017-M01|A017-M02,confirmed_on_ai_review,Ordered pair A017-G02 → A017-G01: the named task constraint takes priority only for that task; the general preference remains valid outside that context.,Codex same-assistant source-visible review,not_measured
A017,A017-T01,test_validity,accept,accept,A017-M01|A017-M02,A017-M01|A017-M02,confirmed_on_ai_review,Accept 'What writing format should I use for the Opal assessment?' — Grounded in the cited source facts; answer is not stated in the question. Expected behaviour checked against source: Use continuous prose without bullet lists for the Opal assessment.,Codex same-assistant source-visible review,not_measured
A017,A017-T02,test_validity,accept,accept,A017-M01|A017-M02,A017-M01|A017-M02,confirmed_on_ai_review,Accept 'I am drafting the Opal assessment report. How should I structure its text?' — Grounded in the cited source facts; answer is not stated in the question. Expected behaviour checked against source: Use continuous prose without bullet lists for the Opal assessment.,Codex same-assistant source-visible review,not_measured
A017,A017-T03,test_validity,reject,reject,A017-M01|A017-M02,A017-M01|A017-M02,confirmed_on_ai_review,Reject 'Does the user dislike bullet points?' — The assessment constraint does not imply personal dislike. Expected behaviour checked against source: No specific factual answer is supported; acknowledge the missing evidence.,Codex same-assistant source-visible review,not_measured
A018,A018-R01,evaluator_verdict,fail,fail,A018-M01|A018-M02,A018-M01|A018-M02,confirmed_on_ai_review,Response 'Use APA because that is your usual style.' to A018-T01: Applies the general preference despite the explicit current requirement. Final evaluator_verdict: fail.,Codex same-assistant source-visible review,not_measured
A018,A018-R02,evaluator_verdict,fail,fail,A018-M01|A018-M02,A018-M01|A018-M02,confirmed_on_ai_review,Response 'Use APA because that is your usual style.' to A018-T02: Applies the general preference despite the explicit current requirement. Final evaluator_verdict: fail.,Codex same-assistant source-visible review,not_measured
A018,A018-R03,evaluator_verdict,pass,pass,A018-M01|A018-M02,A018-M01|A018-M02,confirmed_on_ai_review,Response 'Use IEEE citations for the Iris submission.' to A018-T01: Use IEEE citations for the Iris submission. Final evaluator_verdict: pass.,Codex same-assistant source-visible review,not_measured
A018,A018-R04,evaluator_verdict,pass,pass,A018-M01|A018-M02,A018-M01|A018-M02,confirmed_on_ai_review,Response 'Use IEEE citations for the Iris submission.' to A018-T02: Use IEEE citations for the Iris submission. Final evaluator_verdict: pass.,Codex same-assistant source-visible review,not_measured
A018,A018-R01,failure_dimension,appropriate_use,appropriate_use,A018-M01|A018-M02,A018-M01|A018-M02,confirmed_on_ai_review,Response 'Use APA because that is your usual style.' to A018-T01: Applies the general preference despite the explicit current requirement. Final failure_dimension: appropriate_use.,Codex same-assistant source-visible review,not_measured
A018,A018-R02,failure_dimension,appropriate_use,appropriate_use,A018-M01|A018-M02,A018-M01|A018-M02,confirmed_on_ai_review,Response 'Use APA because that is your usual style.' to A018-T02: Applies the general preference despite the explicit current requirement. Final failure_dimension: appropriate_use.,Codex same-assistant source-visible review,not_measured
A018,A018-R03,failure_dimension,none,none,A018-M01|A018-M02,A018-M01|A018-M02,confirmed_on_ai_review,Response 'Use IEEE citations for the Iris submission.' to A018-T01: Use IEEE citations for the Iris submission. The failure dimension is none because this response passes.,Codex same-assistant source-visible review,not_measured
A018,A018-R04,failure_dimension,none,none,A018-M01|A018-M02,A018-M01|A018-M02,confirmed_on_ai_review,Response 'Use IEEE citations for the Iris submission.' to A018-T02: Use IEEE citations for the Iris submission. The failure dimension is none because this response passes.,Codex same-assistant source-visible review,not_measured
A018,A018-G01,memory_inclusion,exclude,exclude,A018-M01|A018-M02,A018-M01|A018-M02,confirmed_on_ai_review,"Exclude 'All personal notes must now use IEEE.'. The source establishes only the narrower stated fact(s); it does not support this preference, global extension, entity substitution or definitive choice.",Codex same-assistant source-visible review,not_measured
A018,A018-G02,memory_inclusion,include,include,A018-M02,A018-M02,confirmed_on_ai_review,Include the scoped claim 'The current Iris paper submission requires IEEE citations.'. It is explicitly supported by A018-M02; preserve historical or document-claim qualifiers.,Codex same-assistant source-visible review,not_measured
A018,A018-G03,memory_inclusion,include,include,A018-M01,A018-M01,confirmed_on_ai_review,Include the scoped claim 'The user generally uses APA citations for personal notes.'. It is explicitly supported by A018-M01; preserve historical or document-claim qualifiers.,Codex same-assistant source-visible review,not_measured
A018,A018-P01,relationship_type,CONTEXTUAL_OVERRIDE,CONTEXTUAL_OVERRIDE,A018-M01|A018-M02,A018-M01|A018-M02,confirmed_on_ai_review,Ordered pair A018-G02 → A018-G03: the named task constraint takes priority only for that task; the general preference remains valid outside that context.,Codex same-assistant source-visible review,not_measured
A018,A018-P02,relationship_type,none,none,A018-M01|A018-M02,A018-M01|A018-M02,confirmed_on_ai_review,"Ordered pair A018-G03 → A018-G02: no supported relation in this direction. Distinct facts are unrelated, and the reverse of UPDATE or CONTEXTUAL_OVERRIDE is not a second such relation.",Codex same-assistant source-visible review,not_measured
A018,A018-T01,test_validity,accept,accept,A018-M01|A018-M02,A018-M01|A018-M02,confirmed_on_ai_review,Accept 'I am formatting references in the Iris paper. Which style applies?' — Grounded in the cited source facts; answer is not stated in the question. Expected behaviour checked against source: Use IEEE citations for the Iris submission.,Codex same-assistant source-visible review,not_measured
A018,A018-T02,test_validity,accept,accept,A018-M01|A018-M02,A018-M01|A018-M02,confirmed_on_ai_review,Accept 'Which citation style should I use for the Iris submission?' — Grounded in the cited source facts; answer is not stated in the question. Expected behaviour checked against source: Use IEEE citations for the Iris submission.,Codex same-assistant source-visible review,not_measured
A018,A018-T03,test_validity,reject,reject,A018-M01|A018-M02,A018-M01|A018-M02,confirmed_on_ai_review,Reject 'Which citation style is mandatory for every course?' — Only the Iris submission requirement is supplied. Expected behaviour checked against source: No specific factual answer is supported; acknowledge the missing evidence.,Codex same-assistant source-visible review,not_measured
